time;outlet_CO2
0;0.0001
100;0.0003
200;0.0012
300;0.0035
400;0.0078
500;0.0112
600;0.0138
700;0.0152
800;0.0159
900;0.0161
1000;0.0162
1100;0.01623
1200;0.01624